doc,section,job_statement,job_type,persona,job_map_stage,granularity,parent_job,prerequisites,related_jobs,desired_outcomes,evidence,notes,validation_status,validation_flags
security-combined.adoc,Security and compliance overview,"When I am responsible for cluster security, I want to understand how OpenShift addresses security and compliance across layers, so I can plan controls and assign ownership.",core,Cluster administrator,Plan,main_job,,,,Minimize time to implement required security controls; Reduce likelihood of security gaps in production clusters,"security-combined.adoc -> Section 'Security and compliance overview', lines 1-3",Main job grouping key: landscape,pass,
security-combined.adoc,Understanding container security,"When I run containerized workloads, I want to secure images, builds, registries, deployment, networking, and storage, so I can reduce supply-chain and runtime risk.",core,Platform engineer,Secure,main_job,,,,Minimize time to implement required security controls; Reduce likelihood of security gaps in production clusters,"security-combined.adoc -> Section 'Understanding container security', lines 497-499",Main job grouping key: container_supply_chain,pass,
security-combined.adoc,Understanding compliance,"When my organization must meet regulatory or governance requirements, I want to understand compliance concepts and checking options in OpenShift, so I can choose appropriate controls.",core,Compliance officer,Plan,main_job,,,,Minimize time to implement required security controls; Reduce likelihood of security gaps in production clusters,"security-combined.adoc -> Section 'Understanding compliance', lines 3078-3080",Main job grouping key: compliance_understanding,pass,
security-combined.adoc,Compliance Operator overview,"When I need automated compliance assessment, I want to install and run the Compliance Operator with profiles and remediations, so I can demonstrate and improve regulatory posture.",core,Cluster administrator,Secure,main_job,,,,Minimize time to implement required security controls; Reduce likelihood of security gaps in production clusters,"security-combined.adoc -> Section 'Compliance Operator overview', lines 16875-16877",Main job grouping key: compliance_operator,pass,
security-combined.adoc,File Integrity Operator Overview,"When I must detect unauthorized changes on cluster nodes, I want continuous file integrity monitoring, so I can investigate tampering and support audits.",core,Security engineer,Monitor,main_job,,,,Minimize time to implement required security controls; Reduce likelihood of security gaps in production clusters,"security-combined.adoc -> Section 'File Integrity Operator Overview', lines 30119-30121",Main job grouping key: file_integrity,pass,
security-combined.adoc,Security Profiles Operator overview,"When I need consistent workload isolation, I want to manage seccomp and SELinux profiles for pods, so I can enforce least-privilege execution.",core,Platform engineer,Secure,main_job,,,,Minimize time to implement required security controls; Reduce likelihood of security gaps in production clusters,"security-combined.adoc -> Section 'Security Profiles Operator overview', lines 35790-35792",Main job grouping key: security_profiles,pass,
security-combined.adoc,Replacing the default ingress certificate,"When cluster components require trusted TLS, I want to replace and manage ingress, API, and service certificates, so I can meet organizational PKI requirements.",core,Cluster administrator,Configure,main_job,,,,Minimize time to implement required security controls; Reduce likelihood of security gaps in production clusters,"security-combined.adoc -> Section 'Replacing the default ingress certificate', lines 8391-8393",Main job grouping key: platform_certificates,pass,
security-combined.adoc,User-provided certificates for the API server,"When I troubleshoot TLS or plan certificate rotation, I want to understand each certificate type used by the platform, so I can manage lifecycle and trust correctly.",related,Platform engineer,Reference,main_job,,,,Minimize time to implement required security controls; Reduce likelihood of security gaps in production clusters,"security-combined.adoc -> Section 'User-provided certificates for the API server', lines 10927-10929",Main job grouping key: certificate_reference,pass,
security-combined.adoc,cert-manager Operator for Red Hat OpenShift overview,"When I need automated X.509 certificate issuance and renewal, I want to deploy and configure the cert-manager Operator, so I can reduce manual certificate operations.",core,Platform engineer,Configure,main_job,,,,Minimize time to implement required security controls; Reduce likelihood of security gaps in production clusters,"security-combined.adoc -> Section 'cert-manager Operator for Red Hat OpenShift overview', lines 47148-47150",Main job grouping key: cert_manager,pass,
security-combined.adoc,NBDE Tang Server Operator overview,"When I must protect data at rest on nodes, I want network-bound disk encryption with Tang servers, so I can meet encryption requirements without storing keys on nodes.",core,Cluster administrator,Secure,main_job,,,,Minimize time to implement required security controls; Reduce likelihood of security gaps in production clusters,"security-combined.adoc -> Section 'NBDE Tang Server Operator overview', lines 43714-43716",Main job grouping key: nbde_encryption,pass,
security-combined.adoc,Zero Trust Workload Identity Manager overview,"When I adopt zero-trust workload identity, I want to deploy SPIFFE/SPIRE and related federation, so I can authenticate workloads without long-lived secrets.",core,Security architect,Configure,main_job,,,,Minimize time to implement required security controls; Reduce likelihood of security gaps in production clusters,"security-combined.adoc -> Section 'Zero Trust Workload Identity Manager overview', lines 58370-58372",Main job grouping key: zero_trust_identity,pass,
security-combined.adoc,Understanding secrets management,"When sensitive values live in external vaults, I want the External Secrets Operator to sync secrets into the cluster, so I can avoid duplicating secret storage.",core,Platform engineer,Configure,main_job,,,,Minimize time to implement required security controls; Reduce likelihood of security gaps in production clusters,"security-combined.adoc -> Section 'Understanding secrets management', lines 46679-46759",Main job grouping key: external_secrets,pass,
security-combined.adoc,Viewing audit logs,"When I need accountability for cluster changes, I want to configure audit policy and review audit logs, so I can support investigations and compliance evidence.",core,Security engineer,Observe,main_job,,,,Minimize time to implement required security controls; Reduce likelihood of security gaps in production clusters,"security-combined.adoc -> Section 'Viewing audit logs', lines 75841-75843",Main job grouping key: audit_monitoring,pass,
security-combined.adoc,Configuring TLS security profiles,"When I harden a production cluster, I want to configure TLS profiles, seccomp defaults, and API access constraints, so I can reduce attack surface.",core,Cluster administrator,Secure,main_job,,,,Minimize time to implement required security controls; Reduce likelihood of security gaps in production clusters,"security-combined.adoc -> Section 'Configuring TLS security profiles', lines 77302-77304",Main job grouping key: cluster_hardening,pass,
security-combined.adoc,Scanning pods for vulnerabilities,"When I deploy container images, I want to scan pods for known vulnerabilities, so I can block or remediate risky workloads before production.",core,Cluster administrator,Confirm,main_job,,,,Minimize time to implement required security controls; Reduce likelihood of security gaps in production clusters,"security-combined.adoc -> Section 'Scanning pods for vulnerabilities', lines 79473-79475",Main job grouping key: vulnerability_scanning,pass,
security-combined.adoc,Security and compliance overview,"When this security topic applies to my cluster, I want to follow documented guidance for security and compliance overview, so I can implement the control without gaps or rework.",related,Cluster administrator,Plan,user_story,"When I am responsible for cluster security, I want to understand how OpenShift addresses security and compliance across layers, so I can plan controls and assign ownership.",,,Minimize time to find accurate steps for this task; Reduce likelihood of misconfiguration during implementation,"security-combined.adoc -> Section 'Security and compliance overview', lines 1-3 [module: _attributes/common-attributes.adoc, type: UNKNOWN]",Assembly: index.adoc. Source module: _attributes/common-attributes.adoc (UNKNOWN),pass,
security-combined.adoc,Understanding container security,"When I need context before changing cluster security, I want to understand container security, so I can design controls and explain trade-offs to stakeholders.",related,Platform engineer,Secure,user_story,"When I run containerized workloads, I want to secure images, builds, registries, deployment, networking, and storage, so I can reduce supply-chain and runtime risk.",,,Minimize time to find accurate steps for this task; Reduce likelihood of misconfiguration during implementation,"security-combined.adoc -> Section 'Understanding container security', lines 497-499 [module: _attributes/common-attributes.adoc, type: UNKNOWN]",Assembly: container_security/security-understanding.adoc. Source module: _attributes/common-attributes.adoc (UNKNOWN),pass,
security-combined.adoc,Understanding host and VM security,"When I need context before changing cluster security, I want to understand host and VM security, so I can design controls and explain trade-offs to stakeholders.",related,Platform engineer,Secure,user_story,"When I run containerized workloads, I want to secure images, builds, registries, deployment, networking, and storage, so I can reduce supply-chain and runtime risk.",,,Minimize time to find accurate steps for this task; Reduce likelihood of misconfiguration during implementation,"security-combined.adoc -> Section 'Understanding host and VM security', lines 1027-1029 [module: _attributes/common-attributes.adoc, type: UNKNOWN]",Assembly: container_security/security-hosts-vms.adoc. Source module: _attributes/common-attributes.adoc (UNKNOWN),pass,
security-combined.adoc,Hardening Red Hat Enterprise Linux CoreOS,"When this security topic applies to my cluster, I want to follow documented guidance for hardening red hat enterprise linux coreos, so I can implement the control without gaps or rework.",related,Platform engineer,Secure,user_story,"When I run containerized workloads, I want to secure images, builds, registries, deployment, networking, and storage, so I can reduce supply-chain and runtime risk.",,,Minimize time to find accurate steps for this task; Reduce likelihood of misconfiguration during implementation,"security-combined.adoc -> Section 'Hardening Red Hat Enterprise Linux CoreOS', lines 1585-1587 [module: _attributes/common-attributes.adoc, type: UNKNOWN]",Assembly: container_security/security-hardening.adoc. Source module: _attributes/common-attributes.adoc (UNKNOWN),pass,
security-combined.adoc,Container image signatures,"When this security topic applies to my cluster, I want to follow documented guidance for container image signatures, so I can implement the control without gaps or rework.",related,Platform engineer,Secure,user_story,"When I run containerized workloads, I want to secure images, builds, registries, deployment, networking, and storage, so I can reduce supply-chain and runtime risk.",,,Minimize time to find accurate steps for this task; Reduce likelihood of misconfiguration during implementation,"security-combined.adoc -> Section 'Container image signatures', lines 2086-2088 [module: _attributes/common-attributes.adoc, type: UNKNOWN]",Assembly: container_security/security-container-signature.adoc. Source module: _attributes/common-attributes.adoc (UNKNOWN),pass,
security-combined.adoc,Understanding compliance,"When I need context before changing cluster security, I want to understand compliance, so I can design controls and explain trade-offs to stakeholders.",related,Compliance officer,Plan,user_story,"When my organization must meet regulatory or governance requirements, I want to understand compliance concepts and checking options in OpenShift, so I can choose appropriate controls.",,,Minimize time to find accurate steps for this task; Reduce likelihood of misconfiguration during implementation,"security-combined.adoc -> Section 'Understanding compliance', lines 3078-3080 [module: _attributes/common-attributes.adoc, type: UNKNOWN]",Assembly: container_security/security-compliance.adoc. Source module: _attributes/common-attributes.adoc (UNKNOWN),pass,
security-combined.adoc,Securing container content,"When this security topic applies to my cluster, I want to follow documented guidance for securing container content, so I can implement the control without gaps or rework.",related,Platform engineer,Secure,user_story,"When I run containerized workloads, I want to secure images, builds, registries, deployment, networking, and storage, so I can reduce supply-chain and runtime risk.",,,Minimize time to find accurate steps for this task; Reduce likelihood of misconfiguration during implementation,"security-combined.adoc -> Section 'Securing container content', lines 3550-3552 [module: _attributes/common-attributes.adoc, type: UNKNOWN]",Assembly: container_security/security-container-content.adoc. Source module: _attributes/common-attributes.adoc (UNKNOWN),pass,
security-combined.adoc,Using container registries securely,"When this security topic applies to my cluster, I want to follow documented guidance for using container registries securely, so I can implement the control without gaps or rework.",related,Platform engineer,Secure,user_story,"When I run containerized workloads, I want to secure images, builds, registries, deployment, networking, and storage, so I can reduce supply-chain and runtime risk.",,,Minimize time to find accurate steps for this task; Reduce likelihood of misconfiguration during implementation,"security-combined.adoc -> Section 'Using container registries securely', lines 4368-4370 [module: _attributes/common-attributes.adoc, type: UNKNOWN]",Assembly: container_security/security-registries.adoc. Source module: _attributes/common-attributes.adoc (UNKNOWN),pass,
security-combined.adoc,Securing the build process,"When this security topic applies to my cluster, I want to follow documented guidance for securing the build process, so I can implement the control without gaps or rework.",related,Platform engineer,Secure,user_story,"When I run containerized workloads, I want to secure images, builds, registries, deployment, networking, and storage, so I can reduce supply-chain and runtime risk.",,,Minimize time to find accurate steps for this task; Reduce likelihood of misconfiguration during implementation,"security-combined.adoc -> Section 'Securing the build process', lines 4939-4941 [module: _attributes/common-attributes.adoc, type: UNKNOWN]",Assembly: container_security/security-build.adoc. Source module: _attributes/common-attributes.adoc (UNKNOWN),pass,
security-combined.adoc,Deploying containers,"When this security topic applies to my cluster, I want to follow documented guidance for deploying containers, so I can implement the control without gaps or rework.",related,Platform engineer,Secure,user_story,"When I run containerized workloads, I want to secure images, builds, registries, deployment, networking, and storage, so I can reduce supply-chain and runtime risk.",,,Minimize time to find accurate steps for this task; Reduce likelihood of misconfiguration during implementation,"security-combined.adoc -> Section 'Deploying containers', lines 5550-5552 [module: _attributes/common-attributes.adoc, type: UNKNOWN]",Assembly: container_security/security-deploy.adoc. Source module: _attributes/common-attributes.adoc (UNKNOWN),pass,
security-combined.adoc,Securing the container platform,"When this security topic applies to my cluster, I want to follow documented guidance for securing the container platform, so I can implement the control without gaps or rework.",related,Platform engineer,Secure,user_story,"When I run containerized workloads, I want to secure images, builds, registries, deployment, networking, and storage, so I can reduce supply-chain and runtime risk.",,,Minimize time to find accurate steps for this task; Reduce likelihood of misconfiguration during implementation,"security-combined.adoc -> Section 'Securing the container platform', lines 6196-6198 [module: _attributes/common-attributes.adoc, type: UNKNOWN]",Assembly: container_security/security-platform.adoc. Source module: _attributes/common-attributes.adoc (UNKNOWN),pass,
security-combined.adoc,Securing networks,"When this security topic applies to my cluster, I want to follow documented guidance for securing networks, so I can implement the control without gaps or rework.",related,Platform engineer,Secure,user_story,"When I run containerized workloads, I want to secure images, builds, registries, deployment, networking, and storage, so I can reduce supply-chain and runtime risk.",,,Minimize time to find accurate steps for this task; Reduce likelihood of misconfiguration during implementation,"security-combined.adoc -> Section 'Securing networks', lines 6808-6810 [module: _attributes/common-attributes.adoc, type: UNKNOWN]",Assembly: container_security/security-network.adoc. Source module: _attributes/common-attributes.adoc (UNKNOWN),pass,
security-combined.adoc,Securing attached storage,"When this security topic applies to my cluster, I want to follow documented guidance for securing attached storage, so I can implement the control without gaps or rework.",related,Platform engineer,Secure,user_story,"When I run containerized workloads, I want to secure images, builds, registries, deployment, networking, and storage, so I can reduce supply-chain and runtime risk.",,,Minimize time to find accurate steps for this task; Reduce likelihood of misconfiguration during implementation,"security-combined.adoc -> Section 'Securing attached storage', lines 7355-7357 [module: _attributes/common-attributes.adoc, type: UNKNOWN]",Assembly: container_security/security-storage.adoc. Source module: _attributes/common-attributes.adoc (UNKNOWN),pass,
security-combined.adoc,Monitoring cluster events and logs,"When I need visibility into cluster security events, I want to monitoring relevant logs or metrics, so I can detect issues and support audits.",related,Platform engineer,Secure,user_story,"When I run containerized workloads, I want to secure images, builds, registries, deployment, networking, and storage, so I can reduce supply-chain and runtime risk.",,,Minimize time to find accurate steps for this task; Reduce likelihood of misconfiguration during implementation,"security-combined.adoc -> Section 'Monitoring cluster events and logs', lines 7853-7855 [module: _attributes/common-attributes.adoc, type: UNKNOWN]",Assembly: container_security/security-monitoring.adoc. Source module: _attributes/common-attributes.adoc (UNKNOWN),pass,
security-combined.adoc,Replacing the default ingress certificate,"When this security topic applies to my cluster, I want to follow documented guidance for replacing the default ingress certificate, so I can implement the control without gaps or rework.",related,Cluster administrator,Configure,user_story,"When cluster components require trusted TLS, I want to replace and manage ingress, API, and service certificates, so I can meet organizational PKI requirements.",,,Minimize time to find accurate steps for this task; Reduce likelihood of misconfiguration during implementation,"security-combined.adoc -> Section 'Replacing the default ingress certificate', lines 8391-8393 [module: _attributes/common-attributes.adoc, type: UNKNOWN]",Assembly: certificates/replacing-default-ingress-certificate.adoc. Source module: _attributes/common-attributes.adoc (UNKNOWN),pass,
security-combined.adoc,Adding API server certificates,"When this security topic applies to my cluster, I want to follow documented guidance for adding api server certificates, so I can implement the control without gaps or rework.",related,Cluster administrator,Configure,user_story,"When cluster components require trusted TLS, I want to replace and manage ingress, API, and service certificates, so I can meet organizational PKI requirements.",,,Minimize time to find accurate steps for this task; Reduce likelihood of misconfiguration during implementation,"security-combined.adoc -> Section 'Adding API server certificates', lines 8920-8922 [module: _attributes/common-attributes.adoc, type: UNKNOWN]",Assembly: certificates/api-server.adoc. Source module: _attributes/common-attributes.adoc (UNKNOWN),pass,
security-combined.adoc,Securing service traffic using service serving certificates,"When this security topic applies to my cluster, I want to follow documented guidance for securing service traffic using service serving certificates, so I can implement the control without gaps or rework.",related,Cluster administrator,Configure,user_story,"When cluster components require trusted TLS, I want to replace and manage ingress, API, and service certificates, so I can meet organizational PKI requirements.",,,Minimize time to find accurate steps for this task; Reduce likelihood of misconfiguration during implementation,"security-combined.adoc -> Section 'Securing service traffic using service serving certificates', lines 9463-9465 [module: _attributes/common-attributes.adoc, type: UNKNOWN]",Assembly: certificates/service-serving-certificate.adoc. Source module: _attributes/common-attributes.adoc (UNKNOWN),pass,
security-combined.adoc,Updating the CA bundle,"When a supported upgrade path is available, I want to update the CA bundle, so I can receive fixes without prolonged exposure to known issues.",related,Cluster administrator,Configure,user_story,"When cluster components require trusted TLS, I want to replace and manage ingress, API, and service certificates, so I can meet organizational PKI requirements.",,,Minimize time to find accurate steps for this task; Reduce likelihood of misconfiguration during implementation,"security-combined.adoc -> Section 'Updating the CA bundle', lines 10447-10449 [module: _attributes/common-attributes.adoc, type: UNKNOWN]",Assembly: certificates/updating-ca-bundle.adoc. Source module: _attributes/common-attributes.adoc (UNKNOWN),pass,
security-combined.adoc,User-provided certificates for the API server,"When this security topic applies to my cluster, I want to follow documented guidance for user-provided certificates for the api server, so I can implement the control without gaps or rework.",related,Platform engineer,Reference,user_story,"When I troubleshoot TLS or plan certificate rotation, I want to understand each certificate type used by the platform, so I can manage lifecycle and trust correctly.",,,Minimize time to find accurate steps for this task; Reduce likelihood of misconfiguration during implementation,"security-combined.adoc -> Section 'User-provided certificates for the API server', lines 10927-10929 [module: _attributes/common-attributes.adoc, type: UNKNOWN]",Assembly: certificate_types_descriptions/user-provided-certificates-for-api-server.adoc. Source module: _attributes/common-attributes.adoc (UNKNOWN),pass,
security-combined.adoc,Proxy certificates,"When this security topic applies to my cluster, I want to follow documented guidance for proxy certificates, so I can implement the control without gaps or rework.",related,Platform engineer,Reference,user_story,"When I troubleshoot TLS or plan certificate rotation, I want to understand each certificate type used by the platform, so I can manage lifecycle and trust correctly.",,,Minimize time to find accurate steps for this task; Reduce likelihood of misconfiguration during implementation,"security-combined.adoc -> Section 'Proxy certificates', lines 11361-11363 [module: _attributes/common-attributes.adoc, type: UNKNOWN]",Assembly: certificate_types_descriptions/proxy-certificates.adoc. Source module: _attributes/common-attributes.adoc (UNKNOWN),pass,
security-combined.adoc,Service CA certificates,"When this security topic applies to my cluster, I want to follow documented guidance for service ca certificates, so I can implement the control without gaps or rework.",related,Platform engineer,Reference,user_story,"When I troubleshoot TLS or plan certificate rotation, I want to understand each certificate type used by the platform, so I can manage lifecycle and trust correctly.",,,Minimize time to find accurate steps for this task; Reduce likelihood of misconfiguration during implementation,"security-combined.adoc -> Section 'Service CA certificates', lines 11889-11891 [module: _attributes/common-attributes.adoc, type: UNKNOWN]",Assembly: certificate_types_descriptions/service-ca-certificates.adoc. Source module: _attributes/common-attributes.adoc (UNKNOWN),pass,
security-combined.adoc,Node certificates,"When this security topic applies to my cluster, I want to follow documented guidance for node certificates, so I can implement the control without gaps or rework.",related,Platform engineer,Reference,user_story,"When I troubleshoot TLS or plan certificate rotation, I want to understand each certificate type used by the platform, so I can manage lifecycle and trust correctly.",,,Minimize time to find accurate steps for this task; Reduce likelihood of misconfiguration during implementation,"security-combined.adoc -> Section 'Node certificates', lines 12358-12360 [module: _attributes/common-attributes.adoc, type: UNKNOWN]",Assembly: certificate_types_descriptions/node-certificates.adoc. Source module: _attributes/common-attributes.adoc (UNKNOWN),pass,
security-combined.adoc,Bootstrap certificates,"When this security topic applies to my cluster, I want to follow documented guidance for bootstrap certificates, so I can implement the control without gaps or rework.",related,Platform engineer,Reference,user_story,"When I troubleshoot TLS or plan certificate rotation, I want to understand each certificate type used by the platform, so I can manage lifecycle and trust correctly.",,,Minimize time to find accurate steps for this task; Reduce likelihood of misconfiguration during implementation,"security-combined.adoc -> Section 'Bootstrap certificates', lines 12797-12799 [module: _attributes/common-attributes.adoc, type: UNKNOWN]",Assembly: certificate_types_descriptions/bootstrap-certificates.adoc. Source module: _attributes/common-attributes.adoc (UNKNOWN),pass,
security-combined.adoc,etcd certificates,"When this security topic applies to my cluster, I want to follow documented guidance for etcd certificates, so I can implement the control without gaps or rework.",related,Platform engineer,Reference,user_story,"When I troubleshoot TLS or plan certificate rotation, I want to understand each certificate type used by the platform, so I can manage lifecycle and trust correctly.",,,Minimize time to find accurate steps for this task; Reduce likelihood of misconfiguration during implementation,"security-combined.adoc -> Section 'etcd certificates', lines 13227-13229 [module: _attributes/common-attributes.adoc, type: UNKNOWN]",Assembly: certificate_types_descriptions/etcd-certificates.adoc. Source module: _attributes/common-attributes.adoc (UNKNOWN),pass,
security-combined.adoc,OLM certificates,"When this security topic applies to my cluster, I want to follow documented guidance for olm certificates, so I can implement the control without gaps or rework.",related,Platform engineer,Reference,user_story,"When I troubleshoot TLS or plan certificate rotation, I want to understand each certificate type used by the platform, so I can manage lifecycle and trust correctly.",,,Minimize time to find accurate steps for this task; Reduce likelihood of misconfiguration during implementation,"security-combined.adoc -> Section 'OLM certificates', lines 13765-13767 [module: _attributes/common-attributes.adoc, type: UNKNOWN]",Assembly: certificate_types_descriptions/olm-certificates.adoc. Source module: _attributes/common-attributes.adoc (UNKNOWN),pass,
security-combined.adoc,Aggregated API client certificates,"When this security topic applies to my cluster, I want to follow documented guidance for aggregated api client certificates, so I can implement the control without gaps or rework.",related,Platform engineer,Reference,user_story,"When I troubleshoot TLS or plan certificate rotation, I want to understand each certificate type used by the platform, so I can manage lifecycle and trust correctly.",,,Minimize time to find accurate steps for this task; Reduce likelihood of misconfiguration during implementation,"security-combined.adoc -> Section 'Aggregated API client certificates', lines 14192-14194 [module: _attributes/common-attributes.adoc, type: UNKNOWN]",Assembly: certificate_types_descriptions/aggregated-api-client-certificates.adoc. Source module: _attributes/common-attributes.adoc (UNKNOWN),pass,
security-combined.adoc,Machine Config Operator certificates,"When this security topic applies to my cluster, I want to follow documented guidance for machine config operator certificates, so I can implement the control without gaps or rework.",related,Platform engineer,Reference,user_story,"When I troubleshoot TLS or plan certificate rotation, I want to understand each certificate type used by the platform, so I can manage lifecycle and trust correctly.",,,Minimize time to find accurate steps for this task; Reduce likelihood of misconfiguration during implementation,"security-combined.adoc -> Section 'Machine Config Operator certificates', lines 14617-14619 [module: _attributes/common-attributes.adoc, type: UNKNOWN]",Assembly: certificate_types_descriptions/machine-config-operator-certificates.adoc. Source module: _attributes/common-attributes.adoc (UNKNOWN),pass,
security-combined.adoc,User-provided certificates for default ingress,"When this security topic applies to my cluster, I want to follow documented guidance for user-provided certificates for default ingress, so I can implement the control without gaps or rework.",related,Platform engineer,Reference,user_story,"When I troubleshoot TLS or plan certificate rotation, I want to understand each certificate type used by the platform, so I can manage lifecycle and trust correctly.",,,Minimize time to find accurate steps for this task; Reduce likelihood of misconfiguration during implementation,"security-combined.adoc -> Section 'User-provided certificates for default ingress', lines 15104-15106 [module: _attributes/common-attributes.adoc, type: UNKNOWN]",Assembly: certificate_types_descriptions/user-provided-certificates-for-default-ingress.adoc. Source module: _attributes/common-attributes.adoc (UNKNOWN),pass,
security-combined.adoc,Ingress certificates,"When this security topic applies to my cluster, I want to follow documented guidance for ingress certificates, so I can implement the control without gaps or rework.",related,Platform engineer,Reference,user_story,"When I troubleshoot TLS or plan certificate rotation, I want to understand each certificate type used by the platform, so I can manage lifecycle and trust correctly.",,,Minimize time to find accurate steps for this task; Reduce likelihood of misconfiguration during implementation,"security-combined.adoc -> Section 'Ingress certificates', lines 15545-15547 [module: _attributes/common-attributes.adoc, type: UNKNOWN]",Assembly: certificate_types_descriptions/ingress-certificates.adoc. Source module: _attributes/common-attributes.adoc (UNKNOWN),pass,
security-combined.adoc,Monitoring and cluster logging Operator component certificates,"When I need visibility into cluster security events, I want to monitoring relevant logs or metrics, so I can detect issues and support audits.",related,Platform engineer,Reference,user_story,"When I troubleshoot TLS or plan certificate rotation, I want to understand each certificate type used by the platform, so I can manage lifecycle and trust correctly.",,,Minimize time to find accurate steps for this task; Reduce likelihood of misconfiguration during implementation,"security-combined.adoc -> Section 'Monitoring and cluster logging Operator component certificates', lines 16036-16038 [module: _attributes/common-attributes.adoc, type: UNKNOWN]",Assembly: certificate_types_descriptions/monitoring-and-cluster-logging-operator-component-certificates.adoc. Source module: _attributes/common-attributes.adoc (UNKNOWN),pass,
security-combined.adoc,Control plane certificates,"When this security topic applies to my cluster, I want to follow documented guidance for control plane certificates, so I can implement the control without gaps or rework.",related,Platform engineer,Reference,user_story,"When I troubleshoot TLS or plan certificate rotation, I want to understand each certificate type used by the platform, so I can manage lifecycle and trust correctly.",,,Minimize time to find accurate steps for this task; Reduce likelihood of misconfiguration during implementation,"security-combined.adoc -> Section 'Control plane certificates', lines 16452-16454 [module: _attributes/common-attributes.adoc, type: UNKNOWN]",Assembly: certificate_types_descriptions/control-plane-certificates.adoc. Source module: _attributes/common-attributes.adoc (UNKNOWN),pass,
security-combined.adoc,Compliance Operator overview,"When this security topic applies to my cluster, I want to follow documented guidance for compliance operator overview, so I can implement the control without gaps or rework.",related,Cluster administrator,Secure,user_story,"When I need automated compliance assessment, I want to install and run the Compliance Operator with profiles and remediations, so I can demonstrate and improve regulatory posture.",,,Minimize time to find accurate steps for this task; Reduce likelihood of misconfiguration during implementation,"security-combined.adoc -> Section 'Compliance Operator overview', lines 16875-16877 [module: _attributes/common-attributes.adoc, type: UNKNOWN]",Assembly: compliance_operator/co-overview.adoc. Source module: _attributes/common-attributes.adoc (UNKNOWN),pass,
security-combined.adoc,Compliance Operator release notes,"When I plan upgrades, I want to review release notes for this component, so I can assess impact and schedule compatible cluster changes.",related,Cluster administrator,Secure,user_story,"When I need automated compliance assessment, I want to install and run the Compliance Operator with profiles and remediations, so I can demonstrate and improve regulatory posture.",,,Minimize time to find accurate steps for this task; Reduce likelihood of misconfiguration during implementation,"security-combined.adoc -> Section 'Compliance Operator release notes', lines 17333-17336 [module: _attributes/common-attributes.adoc, type: UNKNOWN]",Assembly: compliance_operator/compliance-operator-release-notes.adoc. Source module: _attributes/common-attributes.adoc (UNKNOWN),pass,
security-combined.adoc,Compliance Operator support,"When this security topic applies to my cluster, I want to follow documented guidance for compliance operator support, so I can implement the control without gaps or rework.",related,Cluster administrator,Secure,user_story,"When I need automated compliance assessment, I want to install and run the Compliance Operator with profiles and remediations, so I can demonstrate and improve regulatory posture.",,,Minimize time to find accurate steps for this task; Reduce likelihood of misconfiguration during implementation,"security-combined.adoc -> Section 'Compliance Operator support', lines 18593-18596 [module: _attributes/common-attributes.adoc, type: UNKNOWN]",Assembly: compliance_operator/co-support.adoc. Source module: _attributes/common-attributes.adoc (UNKNOWN),pass,
security-combined.adoc,Understanding the Compliance Operator,"When I need context before changing cluster security, I want to understand the Compliance Operator, so I can design controls and explain trade-offs to stakeholders.",related,Cluster administrator,Secure,user_story,"When I need automated compliance assessment, I want to install and run the Compliance Operator with profiles and remediations, so I can demonstrate and improve regulatory posture.",,,Minimize time to find accurate steps for this task; Reduce likelihood of misconfiguration during implementation,"security-combined.adoc -> Section 'Understanding the Compliance Operator', lines 19085-19087 [module: _attributes/common-attributes.adoc, type: UNKNOWN]",Assembly: compliance_operator/co-concepts/compliance-operator-understanding.adoc. Source module: _attributes/common-attributes.adoc (UNKNOWN),pass,
security-combined.adoc,Understanding the Custom Resource Definitions,"When I need context before changing cluster security, I want to understand the Custom Resource Definitions, so I can design controls and explain trade-offs to stakeholders.",related,Cluster administrator,Secure,user_story,"When I need automated compliance assessment, I want to install and run the Compliance Operator with profiles and remediations, so I can demonstrate and improve regulatory posture.",,,Minimize time to find accurate steps for this task; Reduce likelihood of misconfiguration during implementation,"security-combined.adoc -> Section 'Understanding the Custom Resource Definitions', lines 19751-19753 [module: _attributes/common-attributes.adoc, type: UNKNOWN]",Assembly: compliance_operator/co-concepts/compliance-operator-crd.adoc. Source module: _attributes/common-attributes.adoc (UNKNOWN),pass,
security-combined.adoc,Installing the Compliance Operator,"When the capability is not yet available on my cluster, I want to install the Compliance Operator, so I can enable the security feature in supported namespaces.",related,Cluster administrator,Secure,user_story,"When I need automated compliance assessment, I want to install and run the Compliance Operator with profiles and remediations, so I can demonstrate and improve regulatory posture.",,,Minimize time to find accurate steps for this task; Reduce likelihood of misconfiguration during implementation,"security-combined.adoc -> Section 'Installing the Compliance Operator', lines 20789-20791 [module: _attributes/common-attributes.adoc, type: UNKNOWN]",Assembly: compliance_operator/co-management/compliance-operator-installation.adoc. Source module: _attributes/common-attributes.adoc (UNKNOWN),pass,
security-combined.adoc,Updating the Compliance Operator,"When a supported upgrade path is available, I want to update the Compliance Operator, so I can receive fixes without prolonged exposure to known issues.",related,Cluster administrator,Secure,user_story,"When I need automated compliance assessment, I want to install and run the Compliance Operator with profiles and remediations, so I can demonstrate and improve regulatory posture.",,,Minimize time to find accurate steps for this task; Reduce likelihood of misconfiguration during implementation,"security-combined.adoc -> Section 'Updating the Compliance Operator', lines 21628-21630 [module: _attributes/common-attributes.adoc, type: UNKNOWN]",Assembly: compliance_operator/co-management/compliance-operator-updating.adoc. Source module: _attributes/common-attributes.adoc (UNKNOWN),pass,
security-combined.adoc,Managing the Compliance Operator,"When ongoing operation is required, I want to manage the Compliance Operator, so I can keep security controls effective over the cluster lifecycle.",related,Cluster administrator,Secure,user_story,"When I need automated compliance assessment, I want to install and run the Compliance Operator with profiles and remediations, so I can demonstrate and improve regulatory posture.",,,Minimize time to find accurate steps for this task; Reduce likelihood of misconfiguration during implementation,"security-combined.adoc -> Section 'Managing the Compliance Operator', lines 22149-22151 [module: _attributes/common-attributes.adoc, type: UNKNOWN]",Assembly: compliance_operator/co-management/compliance-operator-manage.adoc. Source module: _attributes/common-attributes.adoc (UNKNOWN),pass,
security-combined.adoc,Uninstalling the Compliance Operator,"When I decommission a security capability, I want to uninstall the Compliance Operator, so I can remove unused components and reduce attack surface.",related,Cluster administrator,Secure,user_story,"When I need automated compliance assessment, I want to install and run the Compliance Operator with profiles and remediations, so I can demonstrate and improve regulatory posture.",,,Minimize time to find accurate steps for this task; Reduce likelihood of misconfiguration during implementation,"security-combined.adoc -> Section 'Uninstalling the Compliance Operator', lines 22659-22661 [module: _attributes/common-attributes.adoc, type: UNKNOWN]",Assembly: compliance_operator/co-management/compliance-operator-uninstallation.adoc. Source module: _attributes/common-attributes.adoc (UNKNOWN),pass,
security-combined.adoc,Supported compliance profiles,"When this security topic applies to my cluster, I want to follow documented guidance for supported compliance profiles, so I can implement the control without gaps or rework.",related,Cluster administrator,Secure,user_story,"When I need automated compliance assessment, I want to install and run the Compliance Operator with profiles and remediations, so I can demonstrate and improve regulatory posture.",,,Minimize time to find accurate steps for this task; Reduce likelihood of misconfiguration during implementation,"security-combined.adoc -> Section 'Supported compliance profiles', lines 23208-23210 [module: _attributes/common-attributes.adoc, type: UNKNOWN]",Assembly: compliance_operator/co-scans/compliance-operator-supported-profiles.adoc. Source module: _attributes/common-attributes.adoc (UNKNOWN),pass,
security-combined.adoc,Compliance Operator scans,"When I must assess workload risk, I want to run vulnerability scanning as documented, so I can identify images or pods that need remediation before production.",related,Cluster administrator,Secure,user_story,"When I need automated compliance assessment, I want to install and run the Compliance Operator with profiles and remediations, so I can demonstrate and improve regulatory posture.",,,Minimize time to find accurate steps for this task; Reduce likelihood of misconfiguration during implementation,"security-combined.adoc -> Section 'Compliance Operator scans', lines 24208-24210 [module: _attributes/common-attributes.adoc, type: UNKNOWN]",Assembly: compliance_operator/co-scans/compliance-scans.adoc. Source module: _attributes/common-attributes.adoc (UNKNOWN),pass,
security-combined.adoc,Tailoring the Compliance Operator,"When this security topic applies to my cluster, I want to follow documented guidance for tailoring the compliance operator, so I can implement the control without gaps or rework.",related,Cluster administrator,Secure,user_story,"When I need automated compliance assessment, I want to install and run the Compliance Operator with profiles and remediations, so I can demonstrate and improve regulatory posture.",,,Minimize time to find accurate steps for this task; Reduce likelihood of misconfiguration during implementation,"security-combined.adoc -> Section 'Tailoring the Compliance Operator', lines 25179-25181 [module: _attributes/common-attributes.adoc, type: UNKNOWN]",Assembly: compliance_operator/co-scans/compliance-operator-tailor.adoc. Source module: _attributes/common-attributes.adoc (UNKNOWN),pass,
security-combined.adoc,Retrieving Compliance Operator raw results,"When this security topic applies to my cluster, I want to follow documented guidance for retrieving compliance operator raw results, so I can implement the control without gaps or rework.",related,Cluster administrator,Secure,user_story,"When I need automated compliance assessment, I want to install and run the Compliance Operator with profiles and remediations, so I can demonstrate and improve regulatory posture.",,,Minimize time to find accurate steps for this task; Reduce likelihood of misconfiguration during implementation,"security-combined.adoc -> Section 'Retrieving Compliance Operator raw results', lines 25792-25794 [module: _attributes/common-attributes.adoc, type: UNKNOWN]",Assembly: compliance_operator/co-scans/compliance-operator-raw-results.adoc. Source module: _attributes/common-attributes.adoc (UNKNOWN),pass,
security-combined.adoc,Managing Compliance Operator remediation,"When ongoing operation is required, I want to manage Compliance Operator remediation, so I can keep security controls effective over the cluster lifecycle.",related,Cluster administrator,Secure,user_story,"When I need automated compliance assessment, I want to install and run the Compliance Operator with profiles and remediations, so I can demonstrate and improve regulatory posture.",,,Minimize time to find accurate steps for this task; Reduce likelihood of misconfiguration during implementation,"security-combined.adoc -> Section 'Managing Compliance Operator remediation', lines 26310-26312 [module: _attributes/common-attributes.adoc, type: UNKNOWN]",Assembly: compliance_operator/co-scans/compliance-operator-remediation.adoc. Source module: _attributes/common-attributes.adoc (UNKNOWN),pass,
security-combined.adoc,Performing advanced Compliance Operator tasks,"When this security topic applies to my cluster, I want to follow documented guidance for performing advanced compliance operator tasks, so I can implement the control without gaps or rework.",related,Cluster administrator,Secure,user_story,"When I need automated compliance assessment, I want to install and run the Compliance Operator with profiles and remediations, so I can demonstrate and improve regulatory posture.",,,Minimize time to find accurate steps for this task; Reduce likelihood of misconfiguration during implementation,"security-combined.adoc -> Section 'Performing advanced Compliance Operator tasks', lines 27430-27432 [module: _attributes/common-attributes.adoc, type: UNKNOWN]",Assembly: compliance_operator/co-scans/compliance-operator-advanced.adoc. Source module: _attributes/common-attributes.adoc (UNKNOWN),pass,
security-combined.adoc,Troubleshooting Compliance Operator scans,"When a security component is not behaving as expected, I want to troubleshoot Compliance Operator scans, so I can restore expected monitoring or enforcement.",related,Cluster administrator,Secure,user_story,"When I need automated compliance assessment, I want to install and run the Compliance Operator with profiles and remediations, so I can demonstrate and improve regulatory posture.",,,Minimize time to find accurate steps for this task; Reduce likelihood of misconfiguration during implementation,"security-combined.adoc -> Section 'Troubleshooting Compliance Operator scans', lines 28238-28240 [module: _attributes/common-attributes.adoc, type: UNKNOWN]",Assembly: compliance_operator/co-scans/compliance-operator-troubleshooting.adoc. Source module: _attributes/common-attributes.adoc (UNKNOWN),pass,
security-combined.adoc,Using the oc-compliance plugin,"When this security topic applies to my cluster, I want to follow documented guidance for using the oc-compliance plugin, so I can implement the control without gaps or rework.",related,Cluster administrator,Secure,user_story,"When I need automated compliance assessment, I want to install and run the Compliance Operator with profiles and remediations, so I can demonstrate and improve regulatory posture.",,,Minimize time to find accurate steps for this task; Reduce likelihood of misconfiguration during implementation,"security-combined.adoc -> Section 'Using the oc-compliance plugin', lines 29285-29287 [module: _attributes/common-attributes.adoc, type: UNKNOWN]",Assembly: compliance_operator/co-scans/oc-compliance-plug-in-using.adoc. Source module: _attributes/common-attributes.adoc (UNKNOWN),pass,
security-combined.adoc,File Integrity Operator Overview,"When this security topic applies to my cluster, I want to follow documented guidance for file integrity operator overview, so I can implement the control without gaps or rework.",related,Security engineer,Monitor,user_story,"When I must detect unauthorized changes on cluster nodes, I want continuous file integrity monitoring, so I can investigate tampering and support audits.",,,Minimize time to find accurate steps for this task; Reduce likelihood of misconfiguration during implementation,"security-combined.adoc -> Section 'File Integrity Operator Overview', lines 30119-30121 [module: _attributes/common-attributes.adoc, type: UNKNOWN]",Assembly: file_integrity_operator/fio-overview.adoc. Source module: _attributes/common-attributes.adoc (UNKNOWN),pass,
security-combined.adoc,File Integrity Operator release notes,"When I plan upgrades, I want to review release notes for this component, so I can assess impact and schedule compatible cluster changes.",related,Security engineer,Monitor,user_story,"When I must detect unauthorized changes on cluster nodes, I want continuous file integrity monitoring, so I can investigate tampering and support audits.",,,Minimize time to find accurate steps for this task; Reduce likelihood of misconfiguration during implementation,"security-combined.adoc -> Section 'File Integrity Operator release notes', lines 30546-30549 [module: _attributes/common-attributes.adoc, type: UNKNOWN]",Assembly: file_integrity_operator/file-integrity-operator-release-notes.adoc. Source module: _attributes/common-attributes.adoc (UNKNOWN),pass,
security-combined.adoc,File Integrity Operator support,"When this security topic applies to my cluster, I want to follow documented guidance for file integrity operator support, so I can implement the control without gaps or rework.",related,Security engineer,Monitor,user_story,"When I must detect unauthorized changes on cluster nodes, I want continuous file integrity monitoring, so I can investigate tampering and support audits.",,,Minimize time to find accurate steps for this task; Reduce likelihood of misconfiguration during implementation,"security-combined.adoc -> Section 'File Integrity Operator support', lines 31249-31252 [module: _attributes/common-attributes.adoc, type: UNKNOWN]",Assembly: file_integrity_operator/fio-support.adoc. Source module: _attributes/common-attributes.adoc (UNKNOWN),pass,
security-combined.adoc,Installing the File Integrity Operator,"When the capability is not yet available on my cluster, I want to install the File Integrity Operator, so I can enable the security feature in supported namespaces.",related,Security engineer,Monitor,user_story,"When I must detect unauthorized changes on cluster nodes, I want continuous file integrity monitoring, so I can investigate tampering and support audits.",,,Minimize time to find accurate steps for this task; Reduce likelihood of misconfiguration during implementation,"security-combined.adoc -> Section 'Installing the File Integrity Operator', lines 31715-31717 [module: _attributes/common-attributes.adoc, type: UNKNOWN]",Assembly: file_integrity_operator/file-integrity-operator-installation.adoc. Source module: _attributes/common-attributes.adoc (UNKNOWN),pass,
security-combined.adoc,Updating the File Integrity Operator,"When a supported upgrade path is available, I want to update the File Integrity Operator, so I can receive fixes without prolonged exposure to known issues.",related,Security engineer,Monitor,user_story,"When I must detect unauthorized changes on cluster nodes, I want continuous file integrity monitoring, so I can investigate tampering and support audits.",,,Minimize time to find accurate steps for this task; Reduce likelihood of misconfiguration during implementation,"security-combined.adoc -> Section 'Updating the File Integrity Operator', lines 32265-32267 [module: _attributes/common-attributes.adoc, type: UNKNOWN]",Assembly: file_integrity_operator/file-integrity-operator-updating.adoc. Source module: _attributes/common-attributes.adoc (UNKNOWN),pass,
security-combined.adoc,Understanding the File Integrity Operator,"When I need context before changing cluster security, I want to understand the File Integrity Operator, so I can design controls and explain trade-offs to stakeholders.",related,Security engineer,Monitor,user_story,"When I must detect unauthorized changes on cluster nodes, I want continuous file integrity monitoring, so I can investigate tampering and support audits.",,,Minimize time to find accurate steps for this task; Reduce likelihood of misconfiguration during implementation,"security-combined.adoc -> Section 'Understanding the File Integrity Operator', lines 32779-32781 [module: _attributes/common-attributes.adoc, type: UNKNOWN]",Assembly: file_integrity_operator/file-integrity-operator-understanding.adoc. Source module: _attributes/common-attributes.adoc (UNKNOWN),pass,
security-combined.adoc,Configuring the File Integrity Operator,"When default settings do not meet my security requirements, I want to configure the File Integrity Operator, so I can align the cluster with organizational policy.",related,Security engineer,Monitor,user_story,"When I must detect unauthorized changes on cluster nodes, I want continuous file integrity monitoring, so I can investigate tampering and support audits.",,,Minimize time to find accurate steps for this task; Reduce likelihood of misconfiguration during implementation,"security-combined.adoc -> Section 'Configuring the File Integrity Operator', lines 33647-33649 [module: _attributes/common-attributes.adoc, type: UNKNOWN]",Assembly: file_integrity_operator/file-integrity-operator-configuring.adoc. Source module: _attributes/common-attributes.adoc (UNKNOWN),pass,
security-combined.adoc,Performing advanced File Integrity Operator tasks,"When this security topic applies to my cluster, I want to follow documented guidance for performing advanced file integrity operator tasks, so I can implement the control without gaps or rework.",related,Security engineer,Monitor,user_story,"When I must detect unauthorized changes on cluster nodes, I want continuous file integrity monitoring, so I can investigate tampering and support audits.",,,Minimize time to find accurate steps for this task; Reduce likelihood of misconfiguration during implementation,"security-combined.adoc -> Section 'Performing advanced File Integrity Operator tasks', lines 34352-34354 [module: _attributes/common-attributes.adoc, type: UNKNOWN]",Assembly: file_integrity_operator/file-integrity-operator-advanced-usage.adoc. Source module: _attributes/common-attributes.adoc (UNKNOWN),pass,
security-combined.adoc,Troubleshooting the File Integrity Operator,"When a security component is not behaving as expected, I want to troubleshoot the File Integrity Operator, so I can restore expected monitoring or enforcement.",related,Security engineer,Monitor,user_story,"When I must detect unauthorized changes on cluster nodes, I want continuous file integrity monitoring, so I can investigate tampering and support audits.",,,Minimize time to find accurate steps for this task; Reduce likelihood of misconfiguration during implementation,"security-combined.adoc -> Section 'Troubleshooting the File Integrity Operator', lines 34874-34876 [module: _attributes/common-attributes.adoc, type: UNKNOWN]",Assembly: file_integrity_operator/file-integrity-operator-troubleshooting.adoc. Source module: _attributes/common-attributes.adoc (UNKNOWN),pass,
security-combined.adoc,Uninstalling the File Integrity Operator,"When I decommission a security capability, I want to uninstall the File Integrity Operator, so I can remove unused components and reduce attack surface.",related,Security engineer,Monitor,user_story,"When I must detect unauthorized changes on cluster nodes, I want continuous file integrity monitoring, so I can investigate tampering and support audits.",,,Minimize time to find accurate steps for this task; Reduce likelihood of misconfiguration during implementation,"security-combined.adoc -> Section 'Uninstalling the File Integrity Operator', lines 35340-35342 [module: _attributes/common-attributes.adoc, type: UNKNOWN]",Assembly: file_integrity_operator/fio-uninstalling.adoc. Source module: _attributes/common-attributes.adoc (UNKNOWN),pass,
security-combined.adoc,Security Profiles Operator overview,"When this security topic applies to my cluster, I want to follow documented guidance for security profiles operator overview, so I can implement the control without gaps or rework.",related,Platform engineer,Secure,user_story,"When I need consistent workload isolation, I want to manage seccomp and SELinux profiles for pods, so I can enforce least-privilege execution.",,,Minimize time to find accurate steps for this task; Reduce likelihood of misconfiguration during implementation,"security-combined.adoc -> Section 'Security Profiles Operator overview', lines 35790-35792 [module: _attributes/common-attributes.adoc, type: UNKNOWN]",Assembly: security_profiles_operator/spo-overview.adoc. Source module: _attributes/common-attributes.adoc (UNKNOWN),pass,
security-combined.adoc,Security Profiles Operator release notes,"When I plan upgrades, I want to review release notes for this component, so I can assess impact and schedule compatible cluster changes.",related,Platform engineer,Secure,user_story,"When I need consistent workload isolation, I want to manage seccomp and SELinux profiles for pods, so I can enforce least-privilege execution.",,,Minimize time to find accurate steps for this task; Reduce likelihood of misconfiguration during implementation,"security-combined.adoc -> Section 'Security Profiles Operator release notes', lines 36210-36212 [module: _attributes/common-attributes.adoc, type: UNKNOWN]",Assembly: security_profiles_operator/spo-release-notes.adoc. Source module: _attributes/common-attributes.adoc (UNKNOWN),pass,
security-combined.adoc,Security Profiles Operator support,"When this security topic applies to my cluster, I want to follow documented guidance for security profiles operator support, so I can implement the control without gaps or rework.",related,Platform engineer,Secure,user_story,"When I need consistent workload isolation, I want to manage seccomp and SELinux profiles for pods, so I can enforce least-privilege execution.",,,Minimize time to find accurate steps for this task; Reduce likelihood of misconfiguration during implementation,"security-combined.adoc -> Section 'Security Profiles Operator support', lines 36805-36808 [module: _attributes/common-attributes.adoc, type: UNKNOWN]",Assembly: security_profiles_operator/spo-support.adoc. Source module: _attributes/common-attributes.adoc (UNKNOWN),pass,
security-combined.adoc,Understanding the Security Profiles Operator,"When I need context before changing cluster security, I want to understand the Security Profiles Operator, so I can design controls and explain trade-offs to stakeholders.",related,Platform engineer,Secure,user_story,"When I need consistent workload isolation, I want to manage seccomp and SELinux profiles for pods, so I can enforce least-privilege execution.",,,Minimize time to find accurate steps for this task; Reduce likelihood of misconfiguration during implementation,"security-combined.adoc -> Section 'Understanding the Security Profiles Operator', lines 37271-37273 [module: _attributes/common-attributes.adoc, type: UNKNOWN]",Assembly: security_profiles_operator/spo-understanding.adoc. Source module: _attributes/common-attributes.adoc (UNKNOWN),pass,
security-combined.adoc,Enabling the Security Profiles Operator,"When this security topic applies to my cluster, I want to follow documented guidance for enabling the security profiles operator, so I can implement the control without gaps or rework.",related,Platform engineer,Secure,user_story,"When I need consistent workload isolation, I want to manage seccomp and SELinux profiles for pods, so I can enforce least-privilege execution.",,,Minimize time to find accurate steps for this task; Reduce likelihood of misconfiguration during implementation,"security-combined.adoc -> Section 'Enabling the Security Profiles Operator', lines 37702-37704 [module: _attributes/common-attributes.adoc, type: UNKNOWN]",Assembly: security_profiles_operator/spo-enabling.adoc. Source module: _attributes/common-attributes.adoc (UNKNOWN),pass,
security-combined.adoc,Managing seccomp profiles,"When ongoing operation is required, I want to manage seccomp profiles, so I can keep security controls effective over the cluster lifecycle.",related,Platform engineer,Secure,user_story,"When I need consistent workload isolation, I want to manage seccomp and SELinux profiles for pods, so I can enforce least-privilege execution.",,,Minimize time to find accurate steps for this task; Reduce likelihood of misconfiguration during implementation,"security-combined.adoc -> Section 'Managing seccomp profiles', lines 38294-38296 [module: _attributes/common-attributes.adoc, type: UNKNOWN]",Assembly: security_profiles_operator/spo-seccomp.adoc. Source module: _attributes/common-attributes.adoc (UNKNOWN),pass,
security-combined.adoc,Managing SELinux profiles,"When ongoing operation is required, I want to manage SELinux profiles, so I can keep security controls effective over the cluster lifecycle.",related,Platform engineer,Secure,user_story,"When I need consistent workload isolation, I want to manage seccomp and SELinux profiles for pods, so I can enforce least-privilege execution.",,,Minimize time to find accurate steps for this task; Reduce likelihood of misconfiguration during implementation,"security-combined.adoc -> Section 'Managing SELinux profiles', lines 39259-39261 [module: _attributes/common-attributes.adoc, type: UNKNOWN]",Assembly: security_profiles_operator/spo-selinux.adoc. Source module: _attributes/common-attributes.adoc (UNKNOWN),pass,
security-combined.adoc,Advanced Security Profiles Operator tasks,"When this security topic applies to my cluster, I want to follow documented guidance for advanced security profiles operator tasks, so I can implement the control without gaps or rework.",related,Platform engineer,Secure,user_story,"When I need consistent workload isolation, I want to manage seccomp and SELinux profiles for pods, so I can enforce least-privilege execution.",,,Minimize time to find accurate steps for this task; Reduce likelihood of misconfiguration during implementation,"security-combined.adoc -> Section 'Advanced Security Profiles Operator tasks', lines 40424-40426 [module: _attributes/common-attributes.adoc, type: UNKNOWN]",Assembly: security_profiles_operator/spo-advanced.adoc. Source module: _attributes/common-attributes.adoc (UNKNOWN),pass,
security-combined.adoc,Advanced Audit Logging Framework,"When this security topic applies to my cluster, I want to follow documented guidance for advanced audit logging framework, so I can implement the control without gaps or rework.",related,Platform engineer,Secure,user_story,"When I need consistent workload isolation, I want to manage seccomp and SELinux profiles for pods, so I can enforce least-privilege execution.",,,Minimize time to find accurate steps for this task; Reduce likelihood of misconfiguration during implementation,"security-combined.adoc -> Section 'Advanced Audit Logging Framework', lines 41316-41318 [module: _attributes/common-attributes.adoc, type: UNKNOWN]",Assembly: security_profiles_operator/spo-logging.adoc. Source module: _attributes/common-attributes.adoc (UNKNOWN),pass,
security-combined.adoc,Troubleshooting the Security Profiles Operator,"When a security component is not behaving as expected, I want to troubleshoot the Security Profiles Operator, so I can restore expected monitoring or enforcement.",related,Platform engineer,Secure,user_story,"When I need consistent workload isolation, I want to manage seccomp and SELinux profiles for pods, so I can enforce least-privilege execution.",,,Minimize time to find accurate steps for this task; Reduce likelihood of misconfiguration during implementation,"security-combined.adoc -> Section 'Troubleshooting the Security Profiles Operator', lines 42797-42799 [module: _attributes/common-attributes.adoc, type: UNKNOWN]",Assembly: security_profiles_operator/spo-troubleshooting.adoc. Source module: _attributes/common-attributes.adoc (UNKNOWN),pass,
security-combined.adoc,Uninstalling the Security Profiles Operator,"When I decommission a security capability, I want to uninstall the Security Profiles Operator, so I can remove unused components and reduce attack surface.",related,Platform engineer,Secure,user_story,"When I need consistent workload isolation, I want to manage seccomp and SELinux profiles for pods, so I can enforce least-privilege execution.",,,Minimize time to find accurate steps for this task; Reduce likelihood of misconfiguration during implementation,"security-combined.adoc -> Section 'Uninstalling the Security Profiles Operator', lines 43260-43262 [module: _attributes/common-attributes.adoc, type: UNKNOWN]",Assembly: security_profiles_operator/spo-uninstalling.adoc. Source module: _attributes/common-attributes.adoc (UNKNOWN),pass,
security-combined.adoc,NBDE Tang Server Operator overview,"When this security topic applies to my cluster, I want to follow documented guidance for nbde tang server operator overview, so I can implement the control without gaps or rework.",related,Cluster administrator,Secure,user_story,"When I must protect data at rest on nodes, I want network-bound disk encryption with Tang servers, so I can meet encryption requirements without storing keys on nodes.",,,Minimize time to find accurate steps for this task; Reduce likelihood of misconfiguration during implementation,"security-combined.adoc -> Section 'NBDE Tang Server Operator overview', lines 43714-43716 [module: _attributes/common-attributes.adoc, type: UNKNOWN]",Assembly: nbde_tang_server_operator/nbde-tang-server-operator-overview.adoc. Source module: _attributes/common-attributes.adoc (UNKNOWN),pass,
security-combined.adoc,NBDE Tang Server Operator release notes,"When I plan upgrades, I want to review release notes for this component, so I can assess impact and schedule compatible cluster changes.",related,Cluster administrator,Secure,user_story,"When I must protect data at rest on nodes, I want network-bound disk encryption with Tang servers, so I can meet encryption requirements without storing keys on nodes.",,,Minimize time to find accurate steps for this task; Reduce likelihood of misconfiguration during implementation,"security-combined.adoc -> Section 'NBDE Tang Server Operator release notes', lines 44124-44127 [module: _attributes/common-attributes.adoc, type: UNKNOWN]",Assembly: nbde_tang_server_operator/nbde-tang-server-operator-release-notes.adoc. Source module: _attributes/common-attributes.adoc (UNKNOWN),pass,
security-combined.adoc,Understanding the NBDE Tang Server Operator,"When I need context before changing cluster security, I want to understand the NBDE Tang Server Operator, so I can design controls and explain trade-offs to stakeholders.",related,Cluster administrator,Secure,user_story,"When I must protect data at rest on nodes, I want network-bound disk encryption with Tang servers, so I can meet encryption requirements without storing keys on nodes.",,,Minimize time to find accurate steps for this task; Reduce likelihood of misconfiguration during implementation,"security-combined.adoc -> Section 'Understanding the NBDE Tang Server Operator', lines 44541-44543 [module: _attributes/common-attributes.adoc, type: UNKNOWN]",Assembly: nbde_tang_server_operator/nbde-tang-server-operator-understanding.adoc. Source module: _attributes/common-attributes.adoc (UNKNOWN),pass,
security-combined.adoc,Installing the NBDE Tang Server Operator,"When the capability is not yet available on my cluster, I want to install the NBDE Tang Server Operator, so I can enable the security feature in supported namespaces.",related,Cluster administrator,Secure,user_story,"When I must protect data at rest on nodes, I want network-bound disk encryption with Tang servers, so I can meet encryption requirements without storing keys on nodes.",,,Minimize time to find accurate steps for this task; Reduce likelihood of misconfiguration during implementation,"security-combined.adoc -> Section 'Installing the NBDE Tang Server Operator', lines 44965-44967 [module: _attributes/common-attributes.adoc, type: UNKNOWN]",Assembly: nbde_tang_server_operator/nbde-tang-server-operator-installing.adoc. Source module: _attributes/common-attributes.adoc (UNKNOWN),pass,
security-combined.adoc,Configuring and managing Tang servers using the NBDE Tang Server Operator,"When default settings do not meet my security requirements, I want to configure and managing Tang servers using the NBDE Tang Server Operator, so I can align the cluster with organizational policy.",related,Cluster administrator,Secure,user_story,"When I must protect data at rest on nodes, I want network-bound disk encryption with Tang servers, so I can meet encryption requirements without storing keys on nodes.",,,Minimize time to find accurate steps for this task; Reduce likelihood of misconfiguration during implementation,"security-combined.adoc -> Section 'Configuring and managing Tang servers using the NBDE Tang Server Operator', lines 45493-45495 [module: _attributes/common-attributes.adoc, type: UNKNOWN]",Assembly: nbde_tang_server_operator/nbde-tang-server-operator-configuring-managing.adoc. Source module: _attributes/common-attributes.adoc (UNKNOWN),pass,
security-combined.adoc,Identifying URL of a Tang server deployed with the NBDE Tang Server Operator,"When this security topic applies to my cluster, I want to follow documented guidance for identifying url of a tang server deployed with the nbde tang server operator, so I can implement the control without gaps or rework.",related,Cluster administrator,Secure,user_story,"When I must protect data at rest on nodes, I want network-bound disk encryption with Tang servers, so I can meet encryption requirements without storing keys on nodes.",,,Minimize time to find accurate steps for this task; Reduce likelihood of misconfiguration during implementation,"security-combined.adoc -> Section 'Identifying URL of a Tang server deployed with the NBDE Tang Server Operator', lines 46146-46148 [module: _attributes/common-attributes.adoc, type: UNKNOWN]",Assembly: nbde_tang_server_operator/nbde-tang-server-operator-identifying-url.adoc. Source module: _attributes/common-attributes.adoc (UNKNOWN),pass,
security-combined.adoc,Understanding secrets management,"When I need context before changing cluster security, I want to understand secrets management, so I can design controls and explain trade-offs to stakeholders.",related,Platform engineer,Configure,user_story,"When sensitive values live in external vaults, I want the External Secrets Operator to sync secrets into the cluster, so I can avoid duplicating secret storage.",,,Minimize time to find accurate steps for this task; Reduce likelihood of misconfiguration during implementation,"security-combined.adoc -> Section 'Understanding secrets management', lines 46679-47078 [module: _attributes/common-attributes.adoc, type: UNKNOWN]",Assembly: understanding-secrets-management.adoc. Source module: _attributes/common-attributes.adoc (UNKNOWN),pass,
security-combined.adoc,cert-manager Operator for Red Hat OpenShift overview,"When this security topic applies to my cluster, I want to follow documented guidance for cert-manager operator for red hat openshift overview, so I can implement the control without gaps or rework.",related,Platform engineer,Configure,user_story,"When I need automated X.509 certificate issuance and renewal, I want to deploy and configure the cert-manager Operator, so I can reduce manual certificate operations.",,,Minimize time to find accurate steps for this task; Reduce likelihood of misconfiguration during implementation,"security-combined.adoc -> Section 'cert-manager Operator for Red Hat OpenShift overview', lines 47148-47150 [module: _attributes/common-attributes.adoc, type: UNKNOWN]",Assembly: cert_manager_operator/index.adoc. Source module: _attributes/common-attributes.adoc (UNKNOWN),pass,
security-combined.adoc,cert-manager Operator for Red Hat OpenShift release notes,"When I plan upgrades, I want to review release notes for this component, so I can assess impact and schedule compatible cluster changes.",related,Platform engineer,Configure,user_story,"When I need automated X.509 certificate issuance and renewal, I want to deploy and configure the cert-manager Operator, so I can reduce manual certificate operations.",,,Minimize time to find accurate steps for this task; Reduce likelihood of misconfiguration during implementation,"security-combined.adoc -> Section 'cert-manager Operator for Red Hat OpenShift release notes', lines 47683-47685 [module: _attributes/common-attributes.adoc, type: UNKNOWN]",Assembly: cert_manager_operator/cert-manager-operator-release-notes.adoc. Source module: _attributes/common-attributes.adoc (UNKNOWN),pass,
security-combined.adoc,Installing the cert-manager Operator for Red Hat OpenShift,"When the capability is not yet available on my cluster, I want to install the cert-manager Operator for Red Hat OpenShift, so I can enable the security feature in supported namespaces.",related,Platform engineer,Configure,user_story,"When I need automated X.509 certificate issuance and renewal, I want to deploy and configure the cert-manager Operator, so I can reduce manual certificate operations.",,,Minimize time to find accurate steps for this task; Reduce likelihood of misconfiguration during implementation,"security-combined.adoc -> Section 'Installing the cert-manager Operator for Red Hat OpenShift', lines 48126-48128 [module: _attributes/common-attributes.adoc, type: UNKNOWN]",Assembly: cert_manager_operator/cert-manager-operator-install.adoc. Source module: _attributes/common-attributes.adoc (UNKNOWN),pass,
security-combined.adoc,Configuring the egress proxy,"When default settings do not meet my security requirements, I want to configure the egress proxy, so I can align the cluster with organizational policy.",related,Platform engineer,Configure,user_story,"When I need automated X.509 certificate issuance and renewal, I want to deploy and configure the cert-manager Operator, so I can reduce manual certificate operations.",,,Minimize time to find accurate steps for this task; Reduce likelihood of misconfiguration during implementation,"security-combined.adoc -> Section 'Configuring the egress proxy', lines 48838-48840 [module: _attributes/common-attributes.adoc, type: UNKNOWN]",Assembly: cert_manager_operator/cert-manager-operator-proxy.adoc. Source module: _attributes/common-attributes.adoc (UNKNOWN),pass,
security-combined.adoc,Customizing cert-manager by using the cert-manager Operator API fields,"When this security topic applies to my cluster, I want to follow documented guidance for customizing cert-manager by using the cert-manager operator api fields, so I can implement the control without gaps or rework.",related,Platform engineer,Configure,user_story,"When I need automated X.509 certificate issuance and renewal, I want to deploy and configure the cert-manager Operator, so I can reduce manual certificate operations.",,,Minimize time to find accurate steps for this task; Reduce likelihood of misconfiguration during implementation,"security-combined.adoc -> Section 'Customizing cert-manager by using the cert-manager Operator API fields', lines 49344-49346 [module: _attributes/common-attributes.adoc, type: UNKNOWN]",Assembly: cert_manager_operator/cert-manager-customizing-api-fields.adoc. Source module: _attributes/common-attributes.adoc (UNKNOWN),pass,
security-combined.adoc,Authenticating the cert-manager Operator for Red Hat OpenShift,"When this security topic applies to my cluster, I want to follow documented guidance for authenticating the cert-manager operator for red hat openshift, so I can implement the control without gaps or rework.",related,Platform engineer,Configure,user_story,"When I need automated X.509 certificate issuance and renewal, I want to deploy and configure the cert-manager Operator, so I can reduce manual certificate operations.",,,Minimize time to find accurate steps for this task; Reduce likelihood of misconfiguration during implementation,"security-combined.adoc -> Section 'Authenticating the cert-manager Operator for Red Hat OpenShift', lines 50646-50648 [module: _attributes/common-attributes.adoc, type: UNKNOWN]",Assembly: cert_manager_operator/cert-manager-authenticate.adoc. Source module: _attributes/common-attributes.adoc (UNKNOWN),pass,
security-combined.adoc,Configuring an ACME issuer,"When default settings do not meet my security requirements, I want to configure an ACME issuer, so I can align the cluster with organizational policy.",related,Platform engineer,Configure,user_story,"When I need automated X.509 certificate issuance and renewal, I want to deploy and configure the cert-manager Operator, so I can reduce manual certificate operations.",,,Minimize time to find accurate steps for this task; Reduce likelihood of misconfiguration during implementation,"security-combined.adoc -> Section 'Configuring an ACME issuer', lines 51584-51586 [module: _attributes/common-attributes.adoc, type: UNKNOWN]",Assembly: cert_manager_operator/cert-manager-operator-issuer-acme.adoc. Source module: _attributes/common-attributes.adoc (UNKNOWN),pass,
security-combined.adoc,Configuring certificates with an issuer,"When default settings do not meet my security requirements, I want to configure certificates with an issuer, so I can align the cluster with organizational policy.",related,Platform engineer,Configure,user_story,"When I need automated X.509 certificate issuance and renewal, I want to deploy and configure the cert-manager Operator, so I can reduce manual certificate operations.",,,Minimize time to find accurate steps for this task; Reduce likelihood of misconfiguration during implementation,"security-combined.adoc -> Section 'Configuring certificates with an issuer', lines 52862-52864 [module: _attributes/common-attributes.adoc, type: UNKNOWN]",Assembly: cert_manager_operator/cert-manager-creating-certificate.adoc. Source module: _attributes/common-attributes.adoc (UNKNOWN),pass,
security-combined.adoc,Securing routes with the cert-manager Operator for Red Hat OpenShift,"When this security topic applies to my cluster, I want to follow documented guidance for securing routes with the cert-manager operator for red hat openshift, so I can implement the control without gaps or rework.",related,Platform engineer,Configure,user_story,"When I need automated X.509 certificate issuance and renewal, I want to deploy and configure the cert-manager Operator, so I can reduce manual certificate operations.",,,Minimize time to find accurate steps for this task; Reduce likelihood of misconfiguration during implementation,"security-combined.adoc -> Section 'Securing routes with the cert-manager Operator for Red Hat OpenShift', lines 53536-53538 [module: _attributes/common-attributes.adoc, type: UNKNOWN]",Assembly: cert_manager_operator/cert-manager-securing-routes.adoc. Source module: _attributes/common-attributes.adoc (UNKNOWN),pass,
security-combined.adoc,Integrating the cert-manager Operator with Istio-CSR,"When this security topic applies to my cluster, I want to follow documented guidance for integrating the cert-manager operator with istio-csr, so I can implement the control without gaps or rework.",related,Platform engineer,Configure,user_story,"When I need automated X.509 certificate issuance and renewal, I want to deploy and configure the cert-manager Operator, so I can reduce manual certificate operations.",,,Minimize time to find accurate steps for this task; Reduce likelihood of misconfiguration during implementation,"security-combined.adoc -> Section 'Integrating the cert-manager Operator with Istio-CSR', lines 54121-54123 [module: _attributes/common-attributes.adoc, type: UNKNOWN]",Assembly: cert_manager_operator/cert-manager-operator-integrating-istio.adoc. Source module: _attributes/common-attributes.adoc (UNKNOWN),pass,
security-combined.adoc,Network policy configuration for cert-manager Operator,"When this security topic applies to my cluster, I want to follow documented guidance for network policy configuration for cert-manager operator, so I can implement the control without gaps or rework.",related,Platform engineer,Configure,user_story,"When I need automated X.509 certificate issuance and renewal, I want to deploy and configure the cert-manager Operator, so I can reduce manual certificate operations.",,,Minimize time to find accurate steps for this task; Reduce likelihood of misconfiguration during implementation,"security-combined.adoc -> Section 'Network policy configuration for cert-manager Operator', lines 54999-55001 [module: _attributes/common-attributes.adoc, type: UNKNOWN]",Assembly: cert_manager_operator/cert-manager-nw-policy.adoc. Source module: _attributes/common-attributes.adoc (UNKNOWN),pass,
security-combined.adoc,Distributing certificates by using trust-manager operand,"When this security topic applies to my cluster, I want to follow documented guidance for distributing certificates by using trust-manager operand, so I can implement the control without gaps or rework.",related,Platform engineer,Configure,user_story,"When I need automated X.509 certificate issuance and renewal, I want to deploy and configure the cert-manager Operator, so I can reduce manual certificate operations.",,,Minimize time to find accurate steps for this task; Reduce likelihood of misconfiguration during implementation,"security-combined.adoc -> Section 'Distributing certificates by using trust-manager operand', lines 55635-55637 [module: _attributes/common-attributes.adoc, type: UNKNOWN]",Assembly: cert_manager_operator/cert-manager-trust-manager.adoc. Source module: _attributes/common-attributes.adoc (UNKNOWN),pass,
security-combined.adoc,Monitoring the cert-manager Operator for Red Hat OpenShift,"When I need visibility into cluster security events, I want to monitoring relevant logs or metrics, so I can detect issues and support audits.",related,Platform engineer,Configure,user_story,"When I need automated X.509 certificate issuance and renewal, I want to deploy and configure the cert-manager Operator, so I can reduce manual certificate operations.",,,Minimize time to find accurate steps for this task; Reduce likelihood of misconfiguration during implementation,"security-combined.adoc -> Section 'Monitoring the cert-manager Operator for Red Hat OpenShift', lines 56590-56592 [module: _attributes/common-attributes.adoc, type: UNKNOWN]",Assembly: cert_manager_operator/cert-manager-monitoring.adoc. Source module: _attributes/common-attributes.adoc (UNKNOWN),pass,
security-combined.adoc,Configuring log levels for cert-manager and the cert-manager Operator for Red Hat OpenShift,"When default settings do not meet my security requirements, I want to configure log levels for cert-manager and the cert-manager Operator for Red Hat OpenShift, so I can align the cluster with organizational policy.",related,Platform engineer,Configure,user_story,"When I need automated X.509 certificate issuance and renewal, I want to deploy and configure the cert-manager Operator, so I can reduce manual certificate operations.",,,Minimize time to find accurate steps for this task; Reduce likelihood of misconfiguration during implementation,"security-combined.adoc -> Section 'Configuring log levels for cert-manager and the cert-manager Operator for Red Hat OpenShift', lines 57331-57333 [module: _attributes/common-attributes.adoc, type: UNKNOWN]",Assembly: cert_manager_operator/cert-manager-log-levels.adoc. Source module: _attributes/common-attributes.adoc (UNKNOWN),pass,
security-combined.adoc,Uninstalling the cert-manager Operator for Red Hat OpenShift,"When I decommission a security capability, I want to uninstall the cert-manager Operator for Red Hat OpenShift, so I can remove unused components and reduce attack surface.",related,Platform engineer,Configure,user_story,"When I need automated X.509 certificate issuance and renewal, I want to deploy and configure the cert-manager Operator, so I can reduce manual certificate operations.",,,Minimize time to find accurate steps for this task; Reduce likelihood of misconfiguration during implementation,"security-combined.adoc -> Section 'Uninstalling the cert-manager Operator for Red Hat OpenShift', lines 57858-57860 [module: _attributes/common-attributes.adoc, type: UNKNOWN]",Assembly: cert_manager_operator/cert-manager-operator-uninstall.adoc. Source module: _attributes/common-attributes.adoc (UNKNOWN),pass,
security-combined.adoc,Zero Trust Workload Identity Manager overview,"When this security topic applies to my cluster, I want to follow documented guidance for zero trust workload identity manager overview, so I can implement the control without gaps or rework.",related,Security architect,Configure,user_story,"When I adopt zero-trust workload identity, I want to deploy SPIFFE/SPIRE and related federation, so I can authenticate workloads without long-lived secrets.",,,Minimize time to find accurate steps for this task; Reduce likelihood of misconfiguration during implementation,"security-combined.adoc -> Section 'Zero Trust Workload Identity Manager overview', lines 58370-58372 [module: _attributes/common-attributes.adoc, type: UNKNOWN]",Assembly: zero_trust_workload_identity_manager/zero-trust-manager-overview.adoc. Source module: _attributes/common-attributes.adoc (UNKNOWN),pass,
security-combined.adoc,Zero Trust Workload Identity Manager components,"When this security topic applies to my cluster, I want to follow documented guidance for zero trust workload identity manager components, so I can implement the control without gaps or rework.",related,Security architect,Configure,user_story,"When I adopt zero-trust workload identity, I want to deploy SPIFFE/SPIRE and related federation, so I can authenticate workloads without long-lived secrets.",,,Minimize time to find accurate steps for this task; Reduce likelihood of misconfiguration during implementation,"security-combined.adoc -> Section 'Zero Trust Workload Identity Manager components', lines 58872-58874 [module: _attributes/common-attributes.adoc, type: UNKNOWN]",Assembly: zero_trust_workload_identity_manager/zero-trust-manager-components.adoc. Source module: _attributes/common-attributes.adoc (UNKNOWN),pass,
security-combined.adoc,Zero Trust Workload Identity Manager release notes,"When I plan upgrades, I want to review release notes for this component, so I can assess impact and schedule compatible cluster changes.",related,Security architect,Configure,user_story,"When I adopt zero-trust workload identity, I want to deploy SPIFFE/SPIRE and related federation, so I can authenticate workloads without long-lived secrets.",,,Minimize time to find accurate steps for this task; Reduce likelihood of misconfiguration during implementation,"security-combined.adoc -> Section 'Zero Trust Workload Identity Manager release notes', lines 59411-59413 [module: _attributes/common-attributes.adoc, type: UNKNOWN]",Assembly: zero_trust_workload_identity_manager/zero-trust-manager-release-notes.adoc. Source module: _attributes/common-attributes.adoc (UNKNOWN),pass,
security-combined.adoc,Installing Zero Trust Workload Identity Manager,"When the capability is not yet available on my cluster, I want to install Zero Trust Workload Identity Manager, so I can enable the security feature in supported namespaces.",related,Security architect,Configure,user_story,"When I adopt zero-trust workload identity, I want to deploy SPIFFE/SPIRE and related federation, so I can authenticate workloads without long-lived secrets.",,,Minimize time to find accurate steps for this task; Reduce likelihood of misconfiguration during implementation,"security-combined.adoc -> Section 'Installing Zero Trust Workload Identity Manager', lines 60143-60145 [module: _attributes/common-attributes.adoc, type: UNKNOWN]",Assembly: zero_trust_workload_identity_manager/zero-trust-manager-install.adoc. Source module: _attributes/common-attributes.adoc (UNKNOWN),pass,
security-combined.adoc,Deploying Zero Trust Workload Identity Manager operands,"When this security topic applies to my cluster, I want to follow documented guidance for deploying zero trust workload identity manager operands, so I can implement the control without gaps or rework.",related,Security architect,Configure,user_story,"When I adopt zero-trust workload identity, I want to deploy SPIFFE/SPIRE and related federation, so I can authenticate workloads without long-lived secrets.",,,Minimize time to find accurate steps for this task; Reduce likelihood of misconfiguration during implementation,"security-combined.adoc -> Section 'Deploying Zero Trust Workload Identity Manager operands', lines 60769-60771 [module: _attributes/common-attributes.adoc, type: UNKNOWN]",Assembly: zero_trust_workload_identity_manager/zero-trust-manager-configuration.adoc. Source module: _attributes/common-attributes.adoc (UNKNOWN),pass,
security-combined.adoc,Configuring Zero Trust Workload Identity Manager OIDC Federation,"When default settings do not meet my security requirements, I want to configure Zero Trust Workload Identity Manager OIDC Federation, so I can align the cluster with organizational policy.",related,Security architect,Configure,user_story,"When I adopt zero-trust workload identity, I want to deploy SPIFFE/SPIRE and related federation, so I can authenticate workloads without long-lived secrets.",,,Minimize time to find accurate steps for this task; Reduce likelihood of misconfiguration during implementation,"security-combined.adoc -> Section 'Configuring Zero Trust Workload Identity Manager OIDC Federation', lines 62314-62316 [module: _attributes/common-attributes.adoc, type: UNKNOWN]",Assembly: zero_trust_workload_identity_manager/zero-trust-manager-oidc-federation.adoc. Source module: _attributes/common-attributes.adoc (UNKNOWN),pass,
security-combined.adoc,Configuring Zero Trust Workload Identity Manager SPIRE Federation,"When default settings do not meet my security requirements, I want to configure Zero Trust Workload Identity Manager SPIRE Federation, so I can align the cluster with organizational policy.",related,Security architect,Configure,user_story,"When I adopt zero-trust workload identity, I want to deploy SPIFFE/SPIRE and related federation, so I can authenticate workloads without long-lived secrets.",,,Minimize time to find accurate steps for this task; Reduce likelihood of misconfiguration during implementation,"security-combined.adoc -> Section 'Configuring Zero Trust Workload Identity Manager SPIRE Federation', lines 63941-63943 [module: _attributes/common-attributes.adoc, type: UNKNOWN]",Assembly: zero_trust_workload_identity_manager/zero-trust-manager-spire-federation.adoc. Source module: _attributes/common-attributes.adoc (UNKNOWN),pass,
security-combined.adoc,Enabling create-only mode for the Zero Trust Workload Identity Manager,"When this security topic applies to my cluster, I want to follow documented guidance for enabling create-only mode for the zero trust workload identity manager, so I can implement the control without gaps or rework.",related,Security architect,Configure,user_story,"When I adopt zero-trust workload identity, I want to deploy SPIFFE/SPIRE and related federation, so I can authenticate workloads without long-lived secrets.",,,Minimize time to find accurate steps for this task; Reduce likelihood of misconfiguration during implementation,"security-combined.adoc -> Section 'Enabling create-only mode for the Zero Trust Workload Identity Manager', lines 65890-65892 [module: _attributes/common-attributes.adoc, type: UNKNOWN]",Assembly: zero_trust_workload_identity_manager/zero-trust-manager-reconciliation.adoc. Source module: _attributes/common-attributes.adoc (UNKNOWN),pass,
security-combined.adoc,Monitoring Zero Trust Workload Identity Manager,"When I need visibility into cluster security events, I want to monitoring relevant logs or metrics, so I can detect issues and support audits.",related,Security architect,Configure,user_story,"When I adopt zero-trust workload identity, I want to deploy SPIFFE/SPIRE and related federation, so I can authenticate workloads without long-lived secrets.",,,Minimize time to find accurate steps for this task; Reduce likelihood of misconfiguration during implementation,"security-combined.adoc -> Section 'Monitoring Zero Trust Workload Identity Manager', lines 66434-66436 [module: _attributes/common-attributes.adoc, type: UNKNOWN]",Assembly: zero_trust_workload_identity_manager/zero-trust-manager-monitoring.adoc. Source module: _attributes/common-attributes.adoc (UNKNOWN),pass,
security-combined.adoc,Uninstalling the Zero Trust Workload Identity Manager,"When I decommission a security capability, I want to uninstall the Zero Trust Workload Identity Manager, so I can remove unused components and reduce attack surface.",related,Security architect,Configure,user_story,"When I adopt zero-trust workload identity, I want to deploy SPIFFE/SPIRE and related federation, so I can authenticate workloads without long-lived secrets.",,,Minimize time to find accurate steps for this task; Reduce likelihood of misconfiguration during implementation,"security-combined.adoc -> Section 'Uninstalling the Zero Trust Workload Identity Manager', lines 67409-67411 [module: _attributes/common-attributes.adoc, type: UNKNOWN]",Assembly: zero_trust_workload_identity_manager/zero-trust-manager-uninstall.adoc. Source module: _attributes/common-attributes.adoc (UNKNOWN),pass,
security-combined.adoc,External Secrets Operator overview,"When this security topic applies to my cluster, I want to follow documented guidance for external secrets operator overview, so I can implement the control without gaps or rework.",related,Platform engineer,Configure,user_story,"When sensitive values live in external vaults, I want the External Secrets Operator to sync secrets into the cluster, so I can avoid duplicating secret storage.",,,Minimize time to find accurate steps for this task; Reduce likelihood of misconfiguration during implementation,"security-combined.adoc -> Section 'External Secrets Operator overview', lines 68027-68029 [module: _attributes/common-attributes.adoc, type: UNKNOWN]",Assembly: external_secrets_operator/index.adoc. Source module: _attributes/common-attributes.adoc (UNKNOWN),pass,
security-combined.adoc,External Secrets Operator release notes,"When I plan upgrades, I want to review release notes for this component, so I can assess impact and schedule compatible cluster changes.",related,Platform engineer,Configure,user_story,"When sensitive values live in external vaults, I want the External Secrets Operator to sync secrets into the cluster, so I can avoid duplicating secret storage.",,,Minimize time to find accurate steps for this task; Reduce likelihood of misconfiguration during implementation,"security-combined.adoc -> Section 'External Secrets Operator release notes', lines 68548-68948 [module: _attributes/common-attributes.adoc, type: UNKNOWN]",Assembly: external_secrets_operator/external-secrets-operator-release-notes.adoc. Source module: _attributes/common-attributes.adoc (UNKNOWN),pass,
security-combined.adoc,Installing the External Secrets Operator,"When the capability is not yet available on my cluster, I want to install the External Secrets Operator, so I can enable the security feature in supported namespaces.",related,Platform engineer,Configure,user_story,"When sensitive values live in external vaults, I want the External Secrets Operator to sync secrets into the cluster, so I can avoid duplicating secret storage.",,,Minimize time to find accurate steps for this task; Reduce likelihood of misconfiguration during implementation,"security-combined.adoc -> Section 'Installing the External Secrets Operator', lines 69078-69080 [module: _attributes/common-attributes.adoc, type: UNKNOWN]",Assembly: external_secrets_operator/external-secrets-operator-install.adoc. Source module: _attributes/common-attributes.adoc (UNKNOWN),pass,
security-combined.adoc,Configuring Network Policy for the Operand,"When default settings do not meet my security requirements, I want to configure Network Policy for the Operand, so I can align the cluster with organizational policy.",related,Platform engineer,Configure,user_story,"When sensitive values live in external vaults, I want the External Secrets Operator to sync secrets into the cluster, so I can avoid duplicating secret storage.",,,Minimize time to find accurate steps for this task; Reduce likelihood of misconfiguration during implementation,"security-combined.adoc -> Section 'Configuring Network Policy for the Operand', lines 69886-69888 [module: _attributes/common-attributes.adoc, type: UNKNOWN]",Assembly: external_secrets_operator/external-secrets-operator-config-net-policy.adoc. Source module: _attributes/common-attributes.adoc (UNKNOWN),pass,
security-combined.adoc,Monitoring the External Secrets Operator for Red Hat OpenShift,"When I need visibility into cluster security events, I want to monitoring relevant logs or metrics, so I can detect issues and support audits.",related,Platform engineer,Configure,user_story,"When sensitive values live in external vaults, I want the External Secrets Operator to sync secrets into the cluster, so I can avoid duplicating secret storage.",,,Minimize time to find accurate steps for this task; Reduce likelihood of misconfiguration during implementation,"security-combined.adoc -> Section 'Monitoring the External Secrets Operator for Red Hat OpenShift', lines 70955-70957 [module: _attributes/common-attributes.adoc, type: UNKNOWN]",Assembly: external_secrets_operator/external-secrets-monitoring.adoc. Source module: _attributes/common-attributes.adoc (UNKNOWN),pass,
security-combined.adoc,Customizing the External Secrets Operator for Red Hat OpenShift,"When this security topic applies to my cluster, I want to follow documented guidance for customizing the external secrets operator for red hat openshift, so I can implement the control without gaps or rework.",related,Platform engineer,Configure,user_story,"When sensitive values live in external vaults, I want the External Secrets Operator to sync secrets into the cluster, so I can avoid duplicating secret storage.",,,Minimize time to find accurate steps for this task; Reduce likelihood of misconfiguration during implementation,"security-combined.adoc -> Section 'Customizing the External Secrets Operator for Red Hat OpenShift', lines 71871-71873 [module: _attributes/common-attributes.adoc, type: UNKNOWN]",Assembly: external_secrets_operator/external-secrets-log-levels.adoc. Source module: _attributes/common-attributes.adoc (UNKNOWN),pass,
security-combined.adoc,Uninstalling the External Secrets Operator,"When I decommission a security capability, I want to uninstall the External Secrets Operator, so I can remove unused components and reduce attack surface.",related,Platform engineer,Configure,user_story,"When sensitive values live in external vaults, I want the External Secrets Operator to sync secrets into the cluster, so I can avoid duplicating secret storage.",,,Minimize time to find accurate steps for this task; Reduce likelihood of misconfiguration during implementation,"security-combined.adoc -> Section 'Uninstalling the External Secrets Operator', lines 72831-72833 [module: _attributes/common-attributes.adoc, type: UNKNOWN]",Assembly: external_secrets_operator/external-secrets-operator-uninstall.adoc. Source module: _attributes/common-attributes.adoc (UNKNOWN),pass,
security-combined.adoc,External Secrets Operator APIs,"When this security topic applies to my cluster, I want to follow documented guidance for external secrets operator apis, so I can implement the control without gaps or rework.",related,Platform engineer,Configure,user_story,"When sensitive values live in external vaults, I want the External Secrets Operator to sync secrets into the cluster, so I can avoid duplicating secret storage.",,,Minimize time to find accurate steps for this task; Reduce likelihood of misconfiguration during implementation,"security-combined.adoc -> Section 'External Secrets Operator APIs', lines 73392-73394 [module: _attributes/common-attributes.adoc, type: UNKNOWN]",Assembly: external_secrets_operator/external-secrets-operator-api.adoc. Source module: _attributes/common-attributes.adoc (UNKNOWN),pass,
security-combined.adoc,Migrating from the community External Secret Operator to the External Secret Operator For Red Hat OpenShift,"When this security topic applies to my cluster, I want to follow documented guidance for migrating from the community external secret operator to the external secret operator for red hat openshift, so I can implement the control without gaps or rework.",related,Platform engineer,Configure,user_story,"When sensitive values live in external vaults, I want the External Secrets Operator to sync secrets into the cluster, so I can avoid duplicating secret storage.",,,Minimize time to find accurate steps for this task; Reduce likelihood of misconfiguration during implementation,"security-combined.adoc -> Section 'Migrating from the community External Secret Operator to the External Secret Operator For Red Hat OpenShift', lines 74999-75001 [module: _attributes/common-attributes.adoc, type: UNKNOWN]",Assembly: external_secrets_operator/external-secrets-operator-migrate-downstream-upstream.adoc. Source module: _attributes/common-attributes.adoc (UNKNOWN),pass,
security-combined.adoc,Viewing audit logs,"When I need visibility into cluster security events, I want to viewing relevant logs or metrics, so I can detect issues and support audits.",related,Security engineer,Observe,user_story,"When I need accountability for cluster changes, I want to configure audit policy and review audit logs, so I can support investigations and compliance evidence.",,,Minimize time to find accurate steps for this task; Reduce likelihood of misconfiguration during implementation,"security-combined.adoc -> Section 'Viewing audit logs', lines 75841-75843 [module: _attributes/common-attributes.adoc, type: UNKNOWN]",Assembly: audit-log-view.adoc. Source module: _attributes/common-attributes.adoc (UNKNOWN),pass,
security-combined.adoc,Configuring the audit log policy,"When default settings do not meet my security requirements, I want to configure the audit log policy, so I can align the cluster with organizational policy.",related,Security engineer,Observe,user_story,"When I need accountability for cluster changes, I want to configure audit policy and review audit logs, so I can support investigations and compliance evidence.",,,Minimize time to find accurate steps for this task; Reduce likelihood of misconfiguration during implementation,"security-combined.adoc -> Section 'Configuring the audit log policy', lines 76603-76605 [module: _attributes/common-attributes.adoc, type: UNKNOWN]",Assembly: audit-log-policy-config.adoc. Source module: _attributes/common-attributes.adoc (UNKNOWN),pass,
security-combined.adoc,Configuring TLS security profiles,"When default settings do not meet my security requirements, I want to configure TLS security profiles, so I can align the cluster with organizational policy.",related,Cluster administrator,Secure,user_story,"When I harden a production cluster, I want to configure TLS profiles, seccomp defaults, and API access constraints, so I can reduce attack surface.",,,Minimize time to find accurate steps for this task; Reduce likelihood of misconfiguration during implementation,"security-combined.adoc -> Section 'Configuring TLS security profiles', lines 77302-77304 [module: _attributes/common-attributes.adoc, type: UNKNOWN]",Assembly: tls-security-profiles.adoc. Source module: _attributes/common-attributes.adoc (UNKNOWN),pass,
security-combined.adoc,Configuring seccomp profiles,"When default settings do not meet my security requirements, I want to configure seccomp profiles, so I can align the cluster with organizational policy.",related,Cluster administrator,Secure,user_story,"When I harden a production cluster, I want to configure TLS profiles, seccomp defaults, and API access constraints, so I can reduce attack surface.",,,Minimize time to find accurate steps for this task; Reduce likelihood of misconfiguration during implementation,"security-combined.adoc -> Section 'Configuring seccomp profiles', lines 78338-78340 [module: _attributes/common-attributes.adoc, type: UNKNOWN]",Assembly: seccomp-profiles.adoc. Source module: _attributes/common-attributes.adoc (UNKNOWN),pass,
security-combined.adoc,Allowing JavaScript-based access to the API server from additional hosts,"When this security topic applies to my cluster, I want to follow documented guidance for allowing javascript-based access to the api server from additional hosts, so I can implement the control without gaps or rework.",related,Cluster administrator,Secure,user_story,"When I harden a production cluster, I want to configure TLS profiles, seccomp defaults, and API access constraints, so I can reduce attack surface.",,,Minimize time to find accurate steps for this task; Reduce likelihood of misconfiguration during implementation,"security-combined.adoc -> Section 'Allowing JavaScript-based access to the API server from additional hosts', lines 79001-79003 [module: _attributes/common-attributes.adoc, type: UNKNOWN]",Assembly: allowing-javascript-access-api-server.adoc. Source module: _attributes/common-attributes.adoc (UNKNOWN),pass,
security-combined.adoc,Scanning pods for vulnerabilities,"When I must assess workload risk, I want to run vulnerability scanning as documented, so I can identify images or pods that need remediation before production.",related,Cluster administrator,Confirm,user_story,"When I deploy container images, I want to scan pods for known vulnerabilities, so I can block or remediate risky workloads before production.",,,Minimize time to find accurate steps for this task; Reduce likelihood of misconfiguration during implementation,"security-combined.adoc -> Section 'Scanning pods for vulnerabilities', lines 79473-79475 [module: _attributes/common-attributes.adoc, type: UNKNOWN]",Assembly: pod-vulnerability-scan.adoc. Source module: _attributes/common-attributes.adoc (UNKNOWN),pass,
security-combined.adoc,About disk encryption technology,"When this security topic applies to my cluster, I want to follow documented guidance for about disk encryption technology, so I can implement the control without gaps or rework.",related,Cluster administrator,Secure,user_story,"When I must protect data at rest on nodes, I want network-bound disk encryption with Tang servers, so I can meet encryption requirements without storing keys on nodes.",,,Minimize time to find accurate steps for this task; Reduce likelihood of misconfiguration during implementation,"security-combined.adoc -> Section 'About disk encryption technology', lines 80135-80138 [module: _attributes/common-attributes.adoc, type: UNKNOWN]",Assembly: network_bound_disk_encryption/nbde-about-disk-encryption-technology.adoc. Source module: _attributes/common-attributes.adoc (UNKNOWN),pass,
security-combined.adoc,Tang server installation considerations,"When this security topic applies to my cluster, I want to follow documented guidance for tang server installation considerations, so I can implement the control without gaps or rework.",related,Cluster administrator,Secure,user_story,"When I must protect data at rest on nodes, I want network-bound disk encryption with Tang servers, so I can meet encryption requirements without storing keys on nodes.",,,Minimize time to find accurate steps for this task; Reduce likelihood of misconfiguration during implementation,"security-combined.adoc -> Section 'Tang server installation considerations', lines 80780-80783 [module: _attributes/common-attributes.adoc, type: UNKNOWN]",Assembly: network_bound_disk_encryption/nbde-tang-server-installation-considerations.adoc. Source module: _attributes/common-attributes.adoc (UNKNOWN),pass,
security-combined.adoc,Tang server encryption key management,"When this security topic applies to my cluster, I want to follow documented guidance for tang server encryption key management, so I can implement the control without gaps or rework.",related,Cluster administrator,Secure,user_story,"When I must protect data at rest on nodes, I want network-bound disk encryption with Tang servers, so I can meet encryption requirements without storing keys on nodes.",,,Minimize time to find accurate steps for this task; Reduce likelihood of misconfiguration during implementation,"security-combined.adoc -> Section 'Tang server encryption key management', lines 81287-81290 [module: _attributes/common-attributes.adoc, type: UNKNOWN]",Assembly: network_bound_disk_encryption/nbde-managing-encryption-keys.adoc. Source module: _attributes/common-attributes.adoc (UNKNOWN),pass,
security-combined.adoc,Disaster recovery considerations,"When this security topic applies to my cluster, I want to follow documented guidance for disaster recovery considerations, so I can implement the control without gaps or rework.",related,Cluster administrator,Secure,user_story,"When I must protect data at rest on nodes, I want network-bound disk encryption with Tang servers, so I can meet encryption requirements without storing keys on nodes.",,,Minimize time to find accurate steps for this task; Reduce likelihood of misconfiguration during implementation,"security-combined.adoc -> Section 'Disaster recovery considerations', lines 82308-82311 [module: _attributes/common-attributes.adoc, type: UNKNOWN]",Assembly: network_bound_disk_encryption/nbde-disaster-recovery-considerations.adoc. Source module: _attributes/common-attributes.adoc (UNKNOWN),pass,
